（No.）,カテゴリー (Category),表示(ID),数値 (Param),"終了待ち(EventWait)",補足（Comment）,セリフ(ID),NAME,日本語 (JP)
1,FADEIN,-,Lv5,0,-,CH0T_MS_028,MARE,これで完成だな
2,WAIT,-,1,0,-,CH0T_MS_029,SEA,わぁ！　すごいよ、マーレ！　こんなにあっさり！
3,PIC,PIC_FACE_MARE_N_SERIOUS_05,-,0,TEXT同,CH0T_MS_030,MARE,もういいのか？
4,PIC,PIC_BODY_MARE_N_06,-,0,TEXT同,CH0T_MS_031,SEA,うん。ボクじゃマーレの代わりはできなかったから……
5,TEXT,CH0T_MS_028,-,0,-,CH0T_MS_032,MARE,"あー、のど乾いたなー。でも、木の上じゃ\nレモン取れないなー。困ったなー。\n誰か宇宙人パワーで助けてくれないかなー"
6,PIC,PIC_FACE_SEA_N_HAPPY_01,-,0,TEXT同,CH0T_MS_033,MARE,いないかなー？
7,PIC,PIC_BODY_SEA_N_08,-,0,TEXT同,CH0T_MS_034,MARE,……おい。なんか言ってくれよ
8,PIC,PIC_EMO_SEA_KIRA,-,0,TEXT同,CH0T_MS_035,SEA,あはは！　うん！　マーレ、任せてよ！
9,TEXT,CH0T_MS_029,-,0,-,CH0T_MS_036,SEA,それじゃ、いくね！
10,PIC,PIC_FACE_MARE_N_SERIOUS_04,-,0,TEXT同,CH0T_MS_037,MARE,ちょっと待て、なんだそれ!?
11,TEXT,CH0T_MS_030,-,0,-,CH0T_MS_038,SEA,え？　さっき説明したよね？
12,EV,PIX_CARA_SEA_STAND_SAD_01,-,0,TEXT同,CH0T_MS_039,SEA,"山あり谷ありアクションありパズルあり\n感動あり――"
13,PIC,PIC_FACE_SEA_N_SERIOUS_04,-,0,TEXT同,CH0T_MS_040,SEA,――爆破オチあり、って
14,PIC,PIC_BODY_SEA_N_08,-,0,TEXT同,CH0T_MS_041,MARE,爆発オチなんてサイテー……！
15,TEXT,CH0T_MS_031,-,0,-,-,,-
16,WAIT,-,0.5,0,"テキスト表示消すシネマスコープのみ出た状態でWAIT",-,,-
17,CAMERA,PAN_RIGHT,-,0,"地球くんの歩きと同じ速度で右移動地球くんが止まったらカメラも止まる宇宙くんを画面外に出さないように気を付けてください(問題ある場合要相談)",-,,-
18,EV,PIX_CARA_MARE_BACKWALK_NOMAL_01,-,0,"通常歩きより遅めに再生してください高台の1マス手前で静止",-,,-
19,WAIT,-,0.5,0,-,-,,-
20,PIC,PIC_FACE_MARE_N_SERIOUS_04,-,0,TEXT同,-,,-
21,PIC,PIC_BODY_MARE_N_06,-,0,TEXT同,-,,-
22,TEXT,CH0T_MS_032,-,0,-,-,,-
23,WAIT,-,0.5,0,"テキスト表示消すシネマスコープのみ出た状態でWAIT",-,,-
24,TEXT,CH0T_MS_033,-,0,-,-,,-
25,EV,PIX_CARA_MARE_LOOKBACK_BLUSH_01,-,0,TEXT同,-,,-
26,PIC,PIC_FACE_MARE_N_SERIOUS_11,-,0,TEXT同,-,,-
27,PIC,PIC_BODY_MARE_N_06,-,0,TEXT同,-,,-
28,PIC,PIC_EMO_MARE_BLUSH,-,0,TEXT同,-,,-
29,TEXT,CH0T_MS_034,-,0,-,-,,-
30,EV,PIX_CARA_SEA_STAND_HAPPY_01,-,0,TEXT同,-,,-
31,PIC,PIC_FACE_SEA_N_HAPPY_08,-,0,TEXT同,-,,-
32,PIC,PIC_BODY_SEA_N_08,-,0,TEXT同,-,,-
33,TEXT,CH0T_MS_035,-,0,-,-,,-
34,EV,PIX_CARA_SEA_BOMB,-,0,TEXT同,-,,-
35,EV,PIX_CARA_MARE_STAND_PANIC_01_TIE,-,0,TEXT同,-,,-
36,EV,PIX_CARA_MARE_LOOKBACK_BLUSH_02,-,0,TEXT同,-,,-
37,PIC,PIC_FACE_SEA_N_HAPPY_02,-,0,TEXT同,-,,-
38,PIC,PIC_BODY_SEA_N_08,-,0,TEXT同,-,,-
39,TEXT,CH0T_MS_036,-,0,-,-,,-
40,PIC,PIC_FACE_MARE_N_PANIC_07,-,0,TEXT同,-,,-
41,PIC,PIC_BODY_MARE_N_06,-,0,TEXT同,-,,-
42,TEXT,CH0T_MS_037,-,0,-,-,,-
43,PIC,PIC_FACE_SEA_N_HAPPY_01,-,0,TEXT同,-,,-
44,PIC,PIC_BODY_SEA_N_08,-,0,TEXT同,-,,-
45,TEXT,CH0T_MS_038,-,0,-,-,,-
46,PIC,PIC_FACE_SEA_N_HAPPY_01,,0,TEXT同,-,,-
47,PIC,PIC_BODY_SEA_N_08,,0,TEXT同,-,,-
48,TEXT,CH0T_MS_039,-,0,-,-,,-
49,PIC,PIC_FACE_SEA_N_HAPPY_10,-,0,TEXT同,-,,-
50,PIC,PIC_BODY_SEA_N_08,-,0,TEXT同,-,,-
51,TEXT,CH0T_MS_040,Lv2,0,表示速度遅くしてください,,,
52,WAIT,-,0.5,0,-,,,
53,EV,PIX_SPE_CH0T_EXPLOSION,-,0,-,,,
54,FADEOUT,-,Lv5,0,-,,,
55,FADEIN,-,Lv5,0,-,,,
56,STILL,STILL_CH0T_LAST,-,0,-,,,
57,WAIT,-,1,0,フェードインが終わった後、1秒WAIT,,,
58,PIC,PIC_FACE_MARE_N_PANIC_01,-,0,TEXT同,,,
59,PIC,PIC_BODY_MARE_N_06,-,0,TEXT同,,,
60,TEXT,CH0T_MS_041,-,0,スチル上なので、シネマスコープの上部分は要りません,,,